locus tag	Name	BHIS with LL17-29 0.1 mg/ml (set11IT029)	 Varel Bryant medium Glucose with Chlorhexidine diacetate salt 0.0015625 mM (set10IT003)	Varel Bryant medium Glucose with Chlorpromazine 0.1 mM (set10IT015)	Varel Bryant medium Glucose with Levofloxacin 0.0015625 mM (set10IT017)	Varel Bryant medium Glucose with Trimethoprim 0.025 mM (set10IT019)	Varel Bryant medium Glucose with Rifampicin 0.00009765625 mM (set10IT021)	Varel Bryant medium Glucose with Ceftriaxone hemi(heptahydrate) 0.2 mM (set10IT038)	Varel Bryant medium Glucose with Lincomycin 0.0015625 mM (set10IT041)	Varel Bryant medium Glucose with Doxycycline hyclate 0.000048828125 mM (set10IT056)	Varel Bryant medium Glucose with Chlorhexidine diacetate salt 0.003125 mM (set10IT086)	Varel Bryant medium Glucose with Dimethyl Sulfoxide 0.2 vol% (set10IT093)	Varel Bryant medium Glucose with Ramoplanin 0.003125 mM (set10IT095)	Varel Bryant medium Glucose with Thioridazine 0.025 mM (set11IT001)	Varel Bryant medium Glucose with Doxycycline hyclate 0.0001953125 mM (set11IT011)	Varel Bryant medium Glucose with Oxytetracycline 0.000390625 mM (set11IT014)	Varel Bryant medium Glucose with Dimethyl Sulfoxide 0.2 vol% (set11IT023)	9 BHIS with Lithocholic 0.4 mg/ml (set11IT03)	1 BHIS with Chenodeoxycholic 0.25 mg/ml (set11IT04)	2 BHIS with Deoxycholic 0.2 mg/ml (set11IT04)	7 Varel Bryant medium Glucose with Indolicidin 0.002 mg/ml (set11IT08)	5 Varel Bryant medium Glucose with Bile salts 0.125 mg/mL; pH 5.5 (set12IT01)	8 Varel Bryant medium Glucose with Indolicidin 0.002 mg/ml (set12IT01)	 NAG (C) (set1IT089)	 L-Arabinose (C) (set1IT091)	 D-Ribose (C) (set2IT020)	 Mannan from Saccharomyces cerevisiae (C) (set3IT012)	 Red Arabinan from sugar-beet (C) (set3IT019)	 Mucin from porcine stomach Type II (set3IT052)	 BHIS with Paraquat dichloride 0.1 mg/ml (set3IT064)	 BHIS with Fusidic 0.002 mg/ml (set3IT094)	 BHIS with A22 0.3 mg/ml (set4IT007)	 BHIS with Lomefloxacin 0.025 mM (set4IT008)	 BHIS with Vancomycin 0.016 mg/ml (set4IT019)	 L-aspartic (N) (set5IT010)	 L-Leucine (N) (set5IT014)	 Casamino Acids (N) (set5IT017)	 Bile salts 0.5 mg/ml (set5IT057)	 BHIS with Thioridazine 0.0125 mM (set6IT003)	 BHIS with Dimetridazole 0.025 mM (set6IT046)	 Varel Bryant medium with Chlorpromazine 0.05 mM (set7IT021)	 Varel Bryant medium with Chlorpromazine 0.025 mM (set7IT022)	 BHIS with Thioridazine 0.025 mM (set8IT007)	Varel Bryant medium Glucose with Dimetridazole 0.0125 mM (set8IT023)	Varel Bryant medium Glucose with Cefoxitin 0.025 mM (set8IT024)	BHIS with Chlorpromazine 0.2 mM (set8IT027)	BHIS with Chlorpromazine 0.1 mM (set8IT039)	BHIS with Sulfamethizole 0.1 mM (set8IT042)	BHIS with Trimethoprim 0.00625 mM (set8IT043)	BHIS with Rifampicin 0.0000244140625 mM (set8IT045)	BHIS with 5-Fluorouracil 0.2 mM (set8IT049)	BHIS with Econazole nitrate salt 0.025 mM (set8IT052)	BHIS with Sulfamonomethoxine 0.2 mM (set8IT054)	Varel Bryant medium Glucose with Cephalothin 0.2 mM (set8IT072)	BHIS with Cephalothin 0.2 mM (set8IT074)	BHIS with Cephalothin 0.1 mM (set8IT086)	BHIS with Oxytetracycline 0.000390625 mM (set8IT092)	Varel Bryant medium Glucose with Chlorhexidine diacetate salt 0.003125 mM (set8IT096)	BHIS with Thioridazine 0.0125 mM (set9IT019)	Varel Bryant medium Glucose with Dimethyl Sulfoxide 0.2 vol% (set9IT024)	BHIS with Cefoxitin 0.025 mM (set9IT026)	BHIS with Rifampicin 0.000048828125 mM (set9IT033)	Varel Bryant medium Glucose with Chlorpromazine 0.05 mM (set9IT035)	BHIS with Dimethyl Sulfoxide 0.2 vol% (set9IT040)	Varel Bryant medium Glucose with Econazole nitrate salt 0.0125 mM (set9IT048)	BHIS with Lincomycin 0.0015625 mM (set9IT053)	BHIS with Sulfaquinoxaline 0.1 mM (set9IT090)	Varel Bryant medium Glucose with Dimethyl Sulfoxide 0.1 vol% (set9IT095)	Varel Bryant medium Glucose with Irgasan 0.025 mM (set9IT096)
BTnc007	BTnc007	0	0	0	0	0	0	0	0	0	0	0	0	0	0	0	0	0	0	0	0	0	0	0	0	0	0	0	0	0	0	0	0	0	0	1.931267	0	0	0	0	0	0	0	0	0	0	0	0	0	0	0	0	0	0	0	0	0	0	0	0	0	0	0	0	0	0	0	0	0
BTnc022	BTnc022	0	0	0	0	0	0	0	0	0	0	0	0	0	0	0	0	0	0	0	0	0	0	0	1.278512	0	0	0	0	0	0	0	0	0	0	0	0	0	0	0	0	0	0	0	0	0	0	0	0	0	0	0	0	0	0	0	0	0	0	0	0	0	0	0	0	0	0	0	0
BTnc079	BTnc079	0	0	0	0	0	0	0	0	0	0	0	0	0	0	0	0	0	0	0	0	0	0	0	0	0	0	0	0	0	0	0	0	0	0	0	0	0	0	0	0	0	0	0	0	0	0	0	0	0	0	0	0	0	3.517367	0	0	0	0	0	0	0	0	0	0	0	0	0	0
BTnc081	BTnc081	0	0	0	0	0	0	0	0	0	0	0	-1.19917	0	0	0	0	0	-1.31592	0	0	0	0	0	0	0	0	0	0	0	0	0	0	0	0	0	0	0	0	0	0	0	0	0	0	0	0	0	0	0	0	0	0	0	0	0	0	0	0	0	0	0	0	0	0	0	0	0	0
BTnc098	BTnc098	0	0	0	0	0	0	0	0	0	0	0	0	0	0	0	0	0	0	0	0	0	0	0	0	0	0	0	0	0	0	3.63384	0	0	0	0	0	0	0	0	0	0	0	0	0	0	0	0	0	0	0	0	1.987843	0	0	0	0	0	0	0	0	0	0	0	0	0	0	0	0
BTnc119	BTnc119	0	0	0	0	0	0	0	0	0	0	0	0	0	0	0	0	0	0	0	0	0	0	0	0	-1.92023	-2.77713	0	0	0	0	0	0	0	0	0	0	0	0	0	0	0	0	0	0	0	0	0	0	0	0	0	0	0	0	0	0	0	0	0	0	0	0	0	0	0	0	0	0
BTnc126	BTnc126	0	0	0	0	0	0	0	0	0	0	0	0	0	0	0	0	0	0	0	0	0	0	0	0	0	0	0	0	0	0	0	0	0	-1.55705	0	0	0	0	0	0	0	0	0	0	0	0	0	0	0	0	0	0	0	0	0	0	0	0	0	0	0	0	0	0	0	0	0	0
BTnc139	BTnc139	0	0	0	0	0	0	0	0	0	0	0	0	0	0	0	0	0	0	0	0	0	0	0	0	0	0	0	0	0	0	0	0	0	0	0	0	0	0	0	0	0	0	0	0	0	0	0	0	0	0	0	0	0	0	0	0	0	0	0	0	0	0	0	0	1.40973	0	0	1.526379
BTnc163	BTnc163	0	0	0	0	0	0	0	0	0	0	0	0	0	0	0	0	0	0	0	0	0	0	0	0	0	0	0	0	0	0	0	0	0	0	0	0	-0.123376749	0	0	0	0	0	0	0	0	0	0	0	0	0	0	0	0	0	0	0	0	0	0	0	0	0	0	0	0	0	0	0
BTnc169	BTnc169	0	0	0	0	0	0	0	0	0	0	0	0	0	0	0	1.037745	0	0	0	0	0	0	0	0	0	0	0	0	0	0	0	0	1.231032	0	0	0	0	0	0	1.162375537	0	0	0	0	0	0	0	0	0	0	0	0	0	0	0	0	0	0	0	0	0	0	0	0	0	0	0	0
BTnc173	BTnc173	0	0	0	0	0	0	0	0	0	0	0	0	0	0	0	0	-2.26828	0	-2.03822	0	0	0	0	0	0	0	0	0	0	0	0	0	0	0	0	0	0	0	0	0	0	0	0	0	0	0	0	0	0	0	0	0	0	0	0	0	0	0	0	0	0	0	0	0	0	0	0	0
BTnc182	BTnc182	0	0	-1.77396	0	-1.06647	0	0	0	0	0	0	0	0	0	0	0	0	0	0	0	0	0	0	0	0	0	0	0	0	1.04624	0	0	0	0	0	0	0	-1.21433	0	0	0	-1.54699	0	0	-1.41442	-1.86139	0	0	0	0	0	0	0	0	0	0	0	0	0	0	0	0	0	0	0	0	0	0
BTnc183	BTnc183	0	0	0	0	0	0	0	0	0	0	0	0	0	0	0	0	0	0	0	0	0	0	0	0	0	0	0	0	0	0	0	0	0	0	0	0	0	0	0	0	-0.90865	0	0	0	0	0	0	0	0	0	0	0	0	0	0	0	0	0	0	0	0	0	0	0	0	0	0	0
BTnc187	BTnc187	0	0	0	0	0	0	0	1.048096	0	0	0.908367	0	0	0	0	0	0	0	0	0	0	0	0	0	0	0	0	0	0	0	0	0	0	0	0	0	0	0	0	0	0	0	1.0586	0	0	0	1.132377	0	1.008009	0	0	0	0	0	0	0	0	0	1.101591	0	1.352716	0	0	1.210236	0	0.914648	0	0
BTnc188	BTnc188	2.867907	0	0	0	0	0	0	0	0	0	0	0	0	0	0	0	0	0	0	0	0	0	0	0	0	0	0	0	0	0	0	0	0	0	0	0	0	0	0	0	0	0	0	0	0	0	0	0	0	0	0	0	0	0	0	0	0	-1.88088	0	0	0	0	0	0	0	0	0	0
BTnc201	MasB	0	1.168744	0	1.093087	0	0	1.286743	0	1.156395	1.181401	1.220784	0	4.009799	0	1.302976	0	0	0	0	0	0	0	0	0	0	0	0	2.053353	0	0	0	0	0	0	0	0	0	0	0	0	0	0	0	1.755975	0	0	0	0	0	0	0	0	2.387077	0	0	0	1.467697	0	0	0	1.69701	1.160677	1.264021	0	0	0	1.272547	0
BTnc207	BTnc207	0	0	0	0	0	0	0	0	0	0	0	0	0	0	0	0	0	0	0	0	0	0	0	0	2.869057	0	0	0	2.23433	0	0	0	0	0	0	0	0	0	0	0	0	0	0	0	0	0	0	0	0	0	0	0	0	0	0	0	0	0	0	0	0	0	0	0	0	0	0	0
BTnc208	BTnc208	0	0	0	0	0	0	0	0	0	0	0	0	0	0	0	0	0	0	0	0	0	0	0	0	1.821708	0	0	0	1.339045	0	0	0	0	0	0	0	0	0	0	0	0	0	0	0	0	0	0	0	0	0	0	0	0	0	0	0	0	0	0	0	0	0	0	0	0	0	0	0
BTnc235	BTnc235	0	0	0	0	0	0	0	0	0	0	0	0	0	0	0	0	0	0	0	0	0	0	0	0	0	0	0	0	0	0	0	0	0	0	0.887362	0	0	0	0	0	0	0	0	0	0	0	0	0	0	0	0	0	0	0	0	0	0	0	0	0	0	0	0	0	0	0	0	0
BTnc242	BTnc242	0	0	0	0	0	0	0	0	0	0	0	0	0	0	0	0	0	0	0	0	0	0	0	0	0	0	0	0	0	0	0	0	0	0	0	0	1.534100837	0	0	0	0	0	0	0	0	0	0	0	0	0	0	0	0	0	0	0	0	0	0	1.529178	0	0	0	0	0	0	0	0.901732
BTnc264	BTnc264	0	0	0	0	0	0	0	0	0	0	0	0	0	0	0	0	0	0	0	0	0	0	0	0	0	0	0	0	0	0	0	0	0	0	0	1.273068	0	0	0	0	0	0	0	0	0	0	0	0	0	0	0	0	0	0	0	0	0	0	0	0	0	0	0	0	0	0	0	0
BTnc325	BTnc325	0	0	0	0	0	0	0	0	0	0	0	0	0	0	0	0	0	0	0	0	0	0	0	0	0	-2.07763	0	0	0	0	0	0	0	0	0	0	0	0	0.926097	0	0	0	0	0	0	0	0	0	0	0	0	0	0	0	0	0	0	0	0	0	0	0	0	0	0	0	0	0
BTnc335	BTnc335	0	0	0	0	0	0	0	0	0	0	0	0	0	0	0	0	0	0	-2.89711	0	0	0	0	0	0	0	0	0	0	0	0	0	0	0	0	0	0	0	0	0	0	0	0	0	0	0	0	0	0	0	0	0	0	0	0	0	0	0	0	0	0	0	0	0	0	0	0	0
BTnc353	BTnc353	0	0	0	0	0	4.550176	0	0	0	0	0	0	0	0	0	0	0	0	0	0	0	0	0	0	0	0	0	0	0	0	0	-1.77514	0	0	0	0	0	0	0	0	0	0	0	0	0	0	0	0	0	0	0	0	0	0	0	0	0	0	0	0	0	0	0	0	0	0	0	0
BTnc362	BTnc362	0	0	0	0	0	0	0	0	0	0	0	0	0	0	0	0	0	0	0	0	0	0	0.855687	0	0	0	0	0	0	1.198662	0	0	0	0	0	0	0	0	0	0	0	0	0	0	0	0	0	0	0	0	0	0	0	0	0	-1.63157	0	0	0	0	0	0	0	0	0	0	0	0
BTnc376	BTnc376	0	0	0	0	0	0	0	0	0	0	0	0	0	-1.00212	0	0	0	0	0	0.715284	0	0.934567	0	0	0	0	0	0	0	0	0	0	0	0	0	0	0	0	0	0	0	0	0	0	0	0	0	-1.96962	0	-1.73895	-3.05962	0	0	0	-0.87856	0	0	0	0	0	0	0	0	0	0	0	0	0
BTnc378	BTnc378	0	0	0	0	0	0	0	0	0	0	0	0	0	0	0	0	0	0	0	0	1.61787	0	0	0	0	0	0	0	0	0	0	0	0	0	0	0	0	0	0	0	0	0	0	0	0	0	0	0	0	0	0	0	0	0	0	0	0	0	0	0	0	0	0	0	0	0	0	0
BTnc383	BTnc383	0	0	0	0	0	0	0	0	0	0	0	0	0	0	0	0	0	0	0	0	0	0	0	0	0	0	1.307349	0	0	0	0	0	0	0	0	0	0	0	0	0	0	0	0	0	0	0	0	0	0	0	0	0	0	0	0	0	0	0	0	0	0	0	0	0	0	0	0	0
